"Message",Low,"Uruchamianie kompilacji platformy .NET Native"
"Message",Low,""
"Message",Low,""
"Message",Low,"Zadanie „Gatekeeper”"
"Message",Normal,"Uruchamianie elementu „C:\Program Files (x86)\Microsoft SDKs\UWPNuGetPackages\runtime.win10-arm.microsoft.net.native.compiler\2.2.7-rel-27913-00\tools\ARM\ilc\ilc.exe --gatekeeper @""C:\Users\marci\source\repos\RPi_ParkingHelper\RPi_ParkingHelper\obj\ARM\Release\ilc\intermediate\gkargs.rsp""”"
"Message",Low,"Microsoft (R) .NET Native Gatekeeper wersja 2.2.27913.00 "
"Message",Low,"Copyright (C) Microsoft Corporation.  All rights reserved. "
"Message",Low," "
"Message",Low,"ILCTelemetry: System.ArgumentException: Could not deserialize to TelemetrySession object"
"Message",Low,"Nazwa parametru: serializedSession ---> System.Runtime.Serialization.SerializationException: Wyst�pi� b��d podczas deserializacji obiektu typu Microsoft.VisualStudio.Telemetry.TelemetrySessionSettings. Oczekiwano tokenu """""" ale znaleziono ""I"". ---> System.Xml.XmlException: Oczekiwano tokenu """""" ale znaleziono ""I""."
"Message",Low,"   w System.Xml.XmlExceptionHelper.ThrowXmlException(XmlDictionaryReader reader, String res, String arg1, String arg2, String arg3)"
"Message",Low,"   w System.Xml.XmlExceptionHelper.ThrowTokenExpected(XmlDictionaryReader reader, String expected, Char found)"
"Message",Low,"   w System.Runtime.Serialization.Json.XmlJsonReader.ReadServerTypeAttribute(Boolean consumedObjectChar)"
"Message",Low,"   w System.Runtime.Serialization.Json.XmlJsonReader.ReadAttributes()"
"Message",Low,"   w System.Runtime.Serialization.Json.XmlJsonReader.ReadNonExistentElementName(StringHandleConstStringType elementName)"
"Message",Low,"   w System.Runtime.Serialization.Json.XmlJsonReader.Read()"
"Message",Low,"   w System.Xml.XmlBaseReader.IsStartElement()"
"Message",Low,"   w System.Xml.XmlBaseReader.IsStartElement(XmlDictionaryString localName, XmlDictionaryString namespaceUri)"
"Message",Low,"   w System.Runtime.Serialization.XmlReaderDelegator.IsStartElement(XmlDictionaryString localname, XmlDictionaryString ns)"
"Message",Low,"   w System.Runtime.Serialization.XmlObjectSerializer.IsRootElement(XmlReaderDelegator reader, DataContract contract, XmlDictionaryString name, XmlDictionaryString ns)"
"Message",Low,"   w System.Runtime.Serialization.Json.DataContractJsonSerializer.InternalIsStartObject(XmlReaderDelegator reader)"
"Message",Low,"   w System.Runtime.Serialization.Json.DataContractJsonSerializer.InternalReadObject(XmlReaderDelegator xmlReader, Boolean verifyObjectName)"
"Message",Low,"   w System.Runtime.Serialization.XmlObjectSerializer.InternalReadObject(XmlReaderDelegator reader, Boolean verifyObjectName, DataContractResolver dataContractResolver)"
"Message",Low,"   w System.Runtime.Serialization.XmlObjectSerializer.ReadObjectHandleExceptions(XmlReaderDelegator reader, Boolean verifyObjectName, DataContractResolver dataContractResolver)"
"Message",Low,"   --- Koniec �ladu stosu wyj�tk�w wewn�trznych ---"
"Message",Low,"   w System.Runtime.Serialization.XmlObjectSerializer.ReadObjectHandleExceptions(XmlReaderDelegator reader, Boolean verifyObjectName, DataContractResolver dataContractResolver)"
"Message",Low,"   w System.Runtime.Serialization.Json.DataContractJsonSerializer.ReadObject(XmlDictionaryReader reader)"
"Message",Low,"   w System.Runtime.Serialization.Json.DataContractJsonSerializer.ReadObject(Stream stream)"
"Message",Low,"   w Microsoft.VisualStudio.Telemetry.TelemetrySessionSettings.Deserialize(String settings)"
"Message",Low,"   w Microsoft.VisualStudio.Telemetry.TelemetrySessionSettings.Parse(String serializedSession)"
"Message",Low,"   --- Koniec �ladu stosu wyj�tk�w wewn�trznych ---"
"Message",Low,"   w Microsoft.VisualStudio.Telemetry.TelemetrySessionSettings.Parse(String serializedSession)"
"Message",Low,"   w ILCTelemetry.Program.ReadEvents()"
"Message",Low,"   w ILCTelemetry.Program.Main(String[] args)"
"Message",Low,"Sprawdzanie zestawu ""C:\Users\marci\source\repos\RPi_ParkingHelper\RPi_ParkingHelper\obj\ARM\Release\ilc\in\Microsoft.Toolkit.dll"". "
"Message",Low,"Sprawdzanie zestawu ""C:\Users\marci\source\repos\RPi_ParkingHelper\RPi_ParkingHelper\obj\ARM\Release\ilc\in\Microsoft.Toolkit.Uwp.dll"". "
"Message",Low,"Sprawdzanie zestawu ""C:\Users\marci\source\repos\RPi_ParkingHelper\RPi_ParkingHelper\obj\ARM\Release\ilc\in\Newtonsoft.Json.dll"". "
"Message",Low,"Sprawdzanie zestawu ""C:\Users\marci\source\repos\RPi_ParkingHelper\RPi_ParkingHelper\obj\ARM\Release\ilc\in\RPi_ParkingHelper.exe"". "
"Message",Normal,"Element „C:\Program Files (x86)\Microsoft SDKs\UWPNuGetPackages\runtime.win10-arm.microsoft.net.native.compiler\2.2.7-rel-27913-00\tools\ARM\ilc\ilc.exe --gatekeeper @""C:\Users\marci\source\repos\RPi_ParkingHelper\RPi_ParkingHelper\obj\ARM\Release\ilc\intermediate\gkargs.rsp""” został zakończony."
"Message",Normal,"Statystyki wykonania procesu (wszystkie czasy w milisekundach)"
"Message",Normal,"-----------------------------------------------------------------------------"
"Message",Normal,"uruchom.| start  |  stop  |koniec |czas trwania|okres istn.|nazwa [szczelina]"
"Message",Normal,"-----------------------------------------------------------------------------"
"Message",Normal,"       0 |        0 |      297 |      297 |      297 |      297 | [0] Gatekeeper"
"Message",Normal,"Liczba poleceń:   1"
"Message",Normal,"Łączny czas systemowy:     297 ms"
"Message",Normal,"Czas systemowy na polecenie: 297 ms"
"Message",Normal,"Łączny czas trwania:     297 ms"
"Message",Normal,"Łączny okres istnienia:     297 ms"
"Message",Normal,"Żądany stopień równoległości:      4"
"Message",Normal,"Stopień równoległości czasu trwania:      1,0"
"Message",Normal,"Stopień równoległości okresu istnienia:      1,0"
"Message",Low,"Zakończono wykonywanie zadania „Gatekeeper”."
"Message",Low,"Zakończono kompilowanie celu „RunGatekeeper” w pliku „Preparation”."
"Message",Low,""
"Message",Low,"Zakończono kompilowanie celu „CreateToolchainGeneratedAssembly” w pliku „Preparation”."
"Message",Low,""
"Message",Low,"Zadanie „PreMergeAssemblyClosure”"
"Message",Low,"Zakończono wykonywanie zadania „PreMergeAssemblyClosure”."
"Message",Low,"Zakończono kompilowanie celu „ConstructPreMergeAssemblyClosure” w pliku „Preparation”."
"Message",Low,""
"Message",Low,"Zadanie „McgReferenceResolveFilePath”"
"Message",Low,"Zakończono wykonywanie zadania „McgReferenceResolveFilePath”."
"Message",Low,"Zakończono kompilowanie celu „PreResolveTransforms” w pliku „Preparation”."
"Message",Low,""
"Message",Low,"Zadanie „ResolveToolchainRequiredAssemblyRoots”"
"Message",Low,"Zakończono wykonywanie zadania „ResolveToolchainRequiredAssemblyRoots”."
"Message",Low,"Zadanie „ILTransformAssemblyClosure”"
"Message",Low,"Zakończono wykonywanie zadania „ILTransformAssemblyClosure”."
"Message",Low,"Zadanie „ResolveToolchainRequiredAssemblyRoots”"
"Message",Low,"Zakończono wykonywanie zadania „ResolveToolchainRequiredAssemblyRoots”."
"Message",Low,"Zadanie „ReducedCopyAssemblyClosure”"
"Message",Low,"Zakończono wykonywanie zadania „ReducedCopyAssemblyClosure”."
"Message",Low,"Zakończono kompilowanie celu „ConstructILTransformAssemblyClosure” w pliku „Preparation”."
"Message",Low,"Zakończono kompilowanie projektu „Preparation”."
"Message",Low,""
"Message",Low,""
"Message",High,"Przetwarzanie kodu aplikacji"
"Message",Low,"Zadanie „RunILTransforms”"
"Message",Normal,"Uruchamianie przekształcenia „DumpNativeResources”, wielkość sterty 77 MB."
"Message",Normal,"Uruchamianie przekształcenia „Analysis”, wielkość sterty 91 MB."
"Message",Low,"Trwa ładowanie 105 modułów..."
"Message",Normal,"Zaimportowano dyrektywy odbicia z 16 plików:"
"Message",Normal,"C:\Users\marci\source\repos\RPi_ParkingHelper\RPi_ParkingHelper\obj\ARM\Release\ilc\in\Properties\Default.rd.xml"
"Message",Normal,"Osadzono manifest w System.Private.Interop: Resources.System.Private.Interop.rd.xml"
"Message",Normal,"Osadzono manifest w System.Private.WinRTInterop.CoreLib: Resources.System.Private.WinRTInterop.CoreLib.rd.xml"
"Message",Normal,"Osadzono manifest w System.Runtime.WindowsRuntime.UI.Xaml: Resources.System.Runtime.WindowsRuntime.UI.Xaml.rd.xml"
"Message",Normal,"Osadzono manifest w Microsoft.Toolkit.Uwp: Microsoft.Toolkit.Uwp.Properties.Microsoft.Windows.Toolkit.rd.xml"
"Message",Normal,"Osadzono manifest w System.Private.CoreLib: Resources.System.Private.CoreLib.rd.xml"
"Message",Normal,"Osadzono manifest w System.Private.Uri: Resources.System.Private.Uri.rd.xml"
"Message",Normal,"Osadzono manifest w System.Private.Reflection.Core: System.Private.Reflection.Core.rd.xml"
"Message",Normal,"Osadzono manifest w System.Runtime.Serialization.Primitives: System.Runtime.Serialization.Primitives.Resources.System.Runtime.Serialization.Primitives.rd.xml"
"Message",Normal,"Osadzono manifest w System.ComponentModel.TypeConverter: System.ComponentModel.TypeConverter.Resources.System.ComponentModel.TypeConverter.rd.xml"
"Message",Normal,"Osadzono manifest w System.Linq.Expressions: System.Linq.Expressions.Resources.System.Linq.Expressions.rd.xml"
"Message",Normal,"Osadzono manifest w System.Runtime.Serialization.Formatters: System.Runtime.Serialization.Formatters.Resources.System.Runtime.Serialization.Formatters.rd.xml"
"Message",Normal,"Osadzono manifest w Microsoft.CSharp: Microsoft.CSharp.Resources.Microsoft.CSharp.rd.xml"
"Message",Normal,"Osadzono manifest w System.Private.Xml: System.Xml.Resources.System.Private.Xml.rd.xml"
"Message",Normal,"Osadzono manifest w System.Net.Primitives: Resources.System.Net.Primitives.rd.xml"
"Message",Normal,"Newtonsoft.Json"
"Message",Normal,"Zaimportowano elementy główne XAML z 1 plików:"
"Message",Normal,"C:\Users\marci\source\repos\RPi_ParkingHelper\RPi_ParkingHelper\obj\ARM\Release\ilc\in\RPi_ParkingHelper.xr.xml"
"Message",Normal,"Uruchamianie przekształcenia „Mcg”, wielkość sterty 259 MB."
"Message",High,"Obliczanie zamknięcia aplikacji i generowanie kodu międzyoperacyjnego"
"Message",High,"  Trwa ładowanie 105 modułów..."
"Message",Normal,"          Element P/Invoke „RhpGetFuncEvalParameterBufferSize” z atrybutem [DllImport(ExactSpelling=true)] rozpoznano jako „[MRT]!RhpGetFuncEvalParameterBufferSize”."
"Message",Normal,"          Element P/Invoke „RhpGetFuncEvalMode” z atrybutem [DllImport(ExactSpelling=true)] rozpoznano jako „[MRT]!RhpGetFuncEvalMode”."
"Message",Normal,"          Element P/Invoke „RhpRecordDebuggeeInitiatedHandle” z atrybutem [DllImport(ExactSpelling=true)] rozpoznano jako „[MRT]!RhpRecordDebuggeeInitiatedHandle”."
"Message",Normal,"          Element P/Invoke „RhpVerifyDebuggerCleanup” z atrybutem [DllImport(ExactSpelling=true)] rozpoznano jako „[MRT]!RhpVerifyDebuggerCleanup”."
"Message",Normal,"          Element P/Invoke „RhpGetCurrentThread” z atrybutem [DllImport(ExactSpelling=true)] rozpoznano jako „[MRT]!RhpGetCurrentThread”."
"Message",Normal,"          Element P/Invoke „RhWaitForPendingFinalizers” z atrybutem [DllImport(ExactSpelling=true)] rozpoznano jako „[MRT]!RhWaitForPendingFinalizers”."
"Message",Normal,"          Element P/Invoke „RhYield” z atrybutem [DllImport(ExactSpelling=true)] rozpoznano jako „[MRT]!RhYield”."
"Message",Normal,"          Element P/Invoke „RhFlushProcessWriteBuffers” z atrybutem [DllImport(ExactSpelling=true)] rozpoznano jako „[MRT]!RhFlushProcessWriteBuffers”."
"Message",Normal,"          Element P/Invoke „RhCompatibleReentrantWaitAny” z atrybutem [DllImport(ExactSpelling=true)] rozpoznano jako „[MRT]!RhCompatibleReentrantWaitAny”."
"Message",Normal,"          Element P/Invoke „RhCallDescrWorker” z atrybutem [DllImport(ExactSpelling=true)] rozpoznano jako „[MRT]!RhCallDescrWorker”."
"Message",Normal,"          Element P/Invoke „_ecvt_s” z atrybutem [DllImport(ExactSpelling=true)] rozpoznano jako „[MRT]!_ecvt_s”."
"Message",Normal,"          Element P/Invoke „memmove” z atrybutem [DllImport(ExactSpelling=true)] rozpoznano jako „[MRT]!memmove”."
"Message",Normal,"          Element P/Invoke „memset” z atrybutem [DllImport(ExactSpelling=true)] rozpoznano jako „[MRT]!memset”."
"Message",Normal,"          Element P/Invoke „CallingConventionConverter_GetStubs” z atrybutem [DllImport(ExactSpelling=true)] rozpoznano jako „*!CallingConventionConverter_GetStubs”."
"Message",Normal,"          Element P/Invoke „CallingConventionConverter_SpecifyCommonStubData” z atrybutem [DllImport(ExactSpelling=true)] rozpoznano jako „*!CallingConventionConverter_SpecifyCommonStubData”."
"Message",Normal,"          Element P/Invoke „WindowsCreateStringReference” rozpoznano jako „WindowsCreateStringReference!api-ms-win-core-winrt-string-l1-1-0.dll” z „SupportedAPIs.xml”."
"Message",Normal,"          Element P/Invoke „GetLastError” rozpoznano jako „GetLastError!api-ms-win-core-errorhandling-l1-1-0.dll” z „SupportedAPIs.xml”."
"Message",Normal,"          Element P/Invoke „SetLastError” rozpoznano jako „SetLastError!api-ms-win-core-errorhandling-l1-1-0.dll” z „SupportedAPIs.xml”."
"Message",Normal,"          Element P/Invoke „RoInitialize” rozpoznano jako „RoInitialize!api-ms-win-core-winrt-l1-1-0.dll” z „SupportedAPIs.xml”."
"Message",Normal,"          Element P/Invoke „IsValidLocaleName” rozpoznano jako „IsValidLocaleName!api-ms-win-core-localization-l1-2-0.dll” z „SupportedAPIs.xml”."
"Message",Normal,"          Element P/Invoke „ResolveLocaleName” rozpoznano jako „ResolveLocaleName!api-ms-win-core-localization-l1-2-0.dll” z „SupportedAPIs.xml”."
"Message",Normal,"          Element P/Invoke „CertDuplicateCertificateContext” rozpoznano jako „CertDuplicateCertificateContext!crypt32.dll” z „SupportedAPIs.xml”."
"Message",Normal,"          Element P/Invoke „CertGetCertificateContextProperty” rozpoznano jako „CertGetCertificateContextProperty!crypt32.dll” z „SupportedAPIs.xml”."
"Message",Normal,"          Element P/Invoke „GetCPInfoExW” rozpoznano jako „GetCPInfoExW!kernel32.dll” z „SupportedAPIs.xml”."
"Message",Normal,"          Element P/Invoke „CryptQueryObject” rozpoznano jako „CryptQueryObject!crypt32.dll” z „SupportedAPIs.xml”."
"Message",Normal,"          Element P/Invoke „CertDuplicateCertificateContext” rozpoznano jako „CertDuplicateCertificateContext!crypt32.dll” z „SupportedAPIs.xml”."
"Message",Normal,"          Element P/Invoke „CertFreeCertificateContext” rozpoznano jako „CertFreeCertificateContext!crypt32.dll” z „SupportedAPIs.xml”."
"Message",Normal,"          Element P/Invoke „CryptMsgGetParam” rozpoznano jako „CryptMsgGetParam!crypt32.dll” z „SupportedAPIs.xml”."
"Message",Normal,"          Element P/Invoke „CryptMsgGetParam” rozpoznano jako „CryptMsgGetParam!crypt32.dll” z „SupportedAPIs.xml”."
"Message",Normal,"          Element P/Invoke „PFXImportCertStore” rozpoznano jako „PFXImportCertStore!crypt32.dll” z „SupportedAPIs.xml”."
"Message",Normal,"          Element P/Invoke „CryptFindOIDInfo” rozpoznano jako „CryptFindOIDInfo!crypt32.dll” z „SupportedAPIs.xml”."
"Message",Normal,"          Element P/Invoke „CoCreateInstance” rozpoznano jako „CoCreateInstance!api-ms-win-core-com-l1-1-0.dll” z „SupportedAPIs.xml”."
"Message",Normal,"          Element P/Invoke „CertGetCertificateContextProperty” rozpoznano jako „CertGetCertificateContextProperty!crypt32.dll” z „SupportedAPIs.xml”."
"Message",Normal,"          Element P/Invoke „CertCloseStore” rozpoznano jako „CertCloseStore!crypt32.dll” z „SupportedAPIs.xml”."
"Message",Normal,"          Element P/Invoke „CryptMsgClose” rozpoznano jako „CryptMsgClose!crypt32.dll” z „SupportedAPIs.xml”."
"Message",Normal,"          Element P/Invoke „CertFindCertificateInStore” rozpoznano jako „CertFindCertificateInStore!crypt32.dll” z „SupportedAPIs.xml”."
"Message",Normal,"          Element P/Invoke „CryptAcquireContextW” rozpoznano jako „CryptAcquireContextW!advapi32.dll” z „SupportedAPIs.xml”."
"Message",Normal,"          Element P/Invoke „CertEnumCertificatesInStore” rozpoznano jako „CertEnumCertificatesInStore!crypt32.dll” z „SupportedAPIs.xml”."
"Message",Normal,"          Element P/Invoke „WSAGetOverlappedResult” rozpoznano jako „WSAGetOverlappedResult!ws2_32.dll” z „SupportedAPIs.xml”."
"Message",Normal,"          Element P/Invoke „SysFreeString” rozpoznano jako „SysFreeString!OleAut32” z „SupportedAPIs.xml”."
"Message",Normal,"          Element P/Invoke „FormatMessageW” rozpoznano jako „FormatMessageW!kernel32.dll” z „SupportedAPIs.xml”."
"Message",Normal,"          Element P/Invoke „GetStdHandle” rozpoznano jako „GetStdHandle!kernel32.dll” z „SupportedAPIs.xml”."
"Message",Normal,"          Element P/Invoke „CertGetNameStringW” rozpoznano jako „CertGetNameStringW!crypt32.dll” z „SupportedAPIs.xml”."
"Message",Normal,"          Element P/Invoke „CertGetNameStringW” rozpoznano jako „CertGetNameStringW!crypt32.dll” z „SupportedAPIs.xml”."
"Message",Normal,"          Element P/Invoke „NCryptOpenKey” rozpoznano jako „NCryptOpenKey!ncrypt.dll” z „SupportedAPIs.xml”."
"Message",Normal,"          Element P/Invoke „WriteFile” rozpoznano jako „WriteFile!kernel32.dll” z „SupportedAPIs.xml”."
"Message",Normal,"          Element P/Invoke „GetFileType” rozpoznano jako „GetFileType!kernel32.dll” z „SupportedAPIs.xml”."
"Message",Normal,"          Element P/Invoke „GetConsoleOutputCP” rozpoznano jako „GetConsoleOutputCP!kernel32.dll” z „SupportedAPIs.xml”."
"Message",Normal,"          Element P/Invoke „setsockopt” rozpoznano jako „setsockopt!ws2_32.dll” z „SupportedAPIs.xml”."
"Message",Normal,"          Element P/Invoke „setsockopt” rozpoznano jako „setsockopt!ws2_32.dll” z „SupportedAPIs.xml”."
"Message",Normal,"          Element P/Invoke „NCryptDeleteKey” rozpoznano jako „NCryptDeleteKey!ncrypt.dll” z „SupportedAPIs.xml”."
"Message",Normal,"          Element P/Invoke „NCryptOpenStorageProvider” rozpoznano jako „NCryptOpenStorageProvider!ncrypt.dll” z „SupportedAPIs.xml”."
"Message",Normal,"          Element P/Invoke „CryptGetKeyParam” rozpoznano jako „CryptGetKeyParam!advapi32.dll” z „SupportedAPIs.xml”."
"Message",Normal,"          Element P/Invoke „CryptFindOIDInfo” rozpoznano jako „CryptFindOIDInfo!crypt32.dll” z „SupportedAPIs.xml”."
"Message",Normal,"          Element P/Invoke „RoGetBufferMarshaler” rozpoznano jako „RoGetBufferMarshaler!api-ms-win-core-winrt-robuffer-l1-1-0.dll” z „SupportedAPIs.xml”."
"Message",Normal,"          Element P/Invoke „ReadFile” rozpoznano jako „ReadFile!kernel32.dll” z „SupportedAPIs.xml”."
"Message",Normal,"          Element P/Invoke „ReadConsoleW” rozpoznano jako „ReadConsoleW!kernel32.dll” z „SupportedAPIs.xml”."
"Message",Normal,"          Element P/Invoke „WriteConsoleW” rozpoznano jako „WriteConsoleW!kernel32.dll” z „SupportedAPIs.xml”."
"Message",Normal,"          Element P/Invoke „CertControlStore” rozpoznano jako „CertControlStore!crypt32.dll” z „SupportedAPIs.xml”."
"Message",Normal,"          Element P/Invoke „CertGetCertificateChain” rozpoznano jako „CertGetCertificateChain!crypt32.dll” z „SupportedAPIs.xml”."
"Message",Normal,"          Element P/Invoke „CryptGetDefaultProviderW” rozpoznano jako „CryptGetDefaultProviderW!advapi32.dll” z „SupportedAPIs.xml”."
"Message",Normal,"          Element P/Invoke „CryptAcquireContextW” rozpoznano jako „CryptAcquireContextW!advapi32.dll” z „SupportedAPIs.xml”."
"Message",Normal,"          Element P/Invoke „CryptGetUserKey” rozpoznano jako „CryptGetUserKey!advapi32.dll” z „SupportedAPIs.xml”."
"Message",Normal,"          Element P/Invoke „CertVerifyCertificateChainPolicy” rozpoznano jako „CertVerifyCertificateChainPolicy!crypt32.dll” z „SupportedAPIs.xml”."
"Message",Normal,"          Element P/Invoke „CertNameToStrW” rozpoznano jako „CertNameToStrW!crypt32.dll” z „SupportedAPIs.xml”."
"Message",Normal,"          Element P/Invoke „CryptFormatObject” rozpoznano jako „CryptFormatObject!crypt32.dll” z „SupportedAPIs.xml”."
"Message",Normal,"          Element P/Invoke „CertOpenStore” rozpoznano jako „CertOpenStore!crypt32.dll” z „SupportedAPIs.xml”."
"Message",Normal,"          Element P/Invoke „CertAddCertificateLinkToStore” rozpoznano jako „CertAddCertificateLinkToStore!crypt32.dll” z „SupportedAPIs.xml”."
"Message",Normal,"          Element P/Invoke „GetConsoleCP” rozpoznano jako „GetConsoleCP!kernel32.dll” z „SupportedAPIs.xml”."
"Message",Normal,"          Element P/Invoke „CryptGetProvParam” rozpoznano jako „CryptGetProvParam!advapi32.dll” z „SupportedAPIs.xml”."
"Message",Normal,"          Element P/Invoke „CryptDestroyKey” rozpoznano jako „CryptDestroyKey!advapi32.dll” z „SupportedAPIs.xml”."
"Message",Normal,"          Element P/Invoke „NCryptFreeObject” rozpoznano jako „NCryptFreeObject!ncrypt.dll” z „SupportedAPIs.xml”."
"Message",Normal,"          Element P/Invoke „CryptFormatObject” rozpoznano jako „CryptFormatObject!crypt32.dll” z „SupportedAPIs.xml”."
"Message",Normal,"          Element P/Invoke „GetNetworkParams” rozpoznano jako „GetNetworkParams!iphlpapi.dll” z „SupportedAPIs.xml”."
"Message",Normal,"          Element P/Invoke „LocalAlloc” rozpoznano jako „LocalAlloc!kernel32.dll” z „SupportedAPIs.xml”."
"Message",Normal,"          Element P/Invoke „WideCharToMultiByte” rozpoznano jako „WideCharToMultiByte!kernel32.dll” z „SupportedAPIs.xml”."
"Message",Normal,"          Element P/Invoke „MultiByteToWideChar” rozpoznano jako „MultiByteToWideChar!kernel32.dll” z „SupportedAPIs.xml”."
"Message",Normal,"          Element P/Invoke „BCryptGenRandom” rozpoznano jako „BCryptGenRandom!BCrypt.dll” z „SupportedAPIs.xml”."
"Message",Normal,"          Element P/Invoke „CryptImportPublicKeyInfoEx2” rozpoznano jako „CryptImportPublicKeyInfoEx2!crypt32.dll” z „SupportedAPIs.xml”."
"Message",Normal,"          Element P/Invoke „BCryptExportKey” rozpoznano jako „BCryptExportKey!BCrypt.dll” z „SupportedAPIs.xml”."
"Message",Normal,"          Element P/Invoke „CryptDecodeObject” rozpoznano jako „CryptDecodeObject!crypt32.dll” z „SupportedAPIs.xml”."
"Message",Normal,"          Element P/Invoke „CertFreeCertificateChain” rozpoznano jako „CertFreeCertificateChain!crypt32.dll” z „SupportedAPIs.xml”."
"Message",Normal,"          Element P/Invoke „CryptReleaseContext” rozpoznano jako „CryptReleaseContext!advapi32.dll” z „SupportedAPIs.xml”."
"Message",Normal,"          Element P/Invoke „CertFindExtension” rozpoznano jako „CertFindExtension!crypt32.dll” z „SupportedAPIs.xml”."
"Message",Normal,"          Element P/Invoke „CertGetValidUsages” rozpoznano jako „CertGetValidUsages!crypt32.dll” z „SupportedAPIs.xml”."
"Message",Normal,"          Element P/Invoke „CertGetIntendedKeyUsage” rozpoznano jako „CertGetIntendedKeyUsage!crypt32.dll” z „SupportedAPIs.xml”."
"Message",Normal,"          Element P/Invoke „LocalFree” rozpoznano jako „LocalFree!kernel32.dll” z „SupportedAPIs.xml”."
"Message",Normal,"          Element P/Invoke „GetCPInfoExW” rozpoznano jako „GetCPInfoExW!kernel32.dll” z „SupportedAPIs.xml”."
"Message",Normal,"          Element P/Invoke „FormatMessageW” rozpoznano jako „FormatMessageW!kernel32.dll” z „SupportedAPIs.xml”."
"Message",Normal,"          Element P/Invoke „GetConsoleMode” rozpoznano jako „GetConsoleMode!kernel32.dll” z „SupportedAPIs.xml”."
"Message",Normal,"          Element P/Invoke „FormatMessageW” rozpoznano jako „FormatMessageW!kernel32.dll” z „SupportedAPIs.xml”."
"Message",Normal,"          Element P/Invoke „BCryptGetProperty” rozpoznano jako „BCryptGetProperty!BCrypt.dll” z „SupportedAPIs.xml”."
"Message",Normal,"          Element P/Invoke „NCryptImportKey” rozpoznano jako „NCryptImportKey!ncrypt.dll” z „SupportedAPIs.xml”."
"Message",Normal,"          Element P/Invoke „NCryptGetProperty” rozpoznano jako „NCryptGetProperty!ncrypt.dll” z „SupportedAPIs.xml”."
"Message",Normal,"          Element P/Invoke „CryptImportKey” rozpoznano jako „CryptImportKey!advapi32.dll” z „SupportedAPIs.xml”."
"Message",Normal,"          Element P/Invoke „CryptSetProvParam” rozpoznano jako „CryptSetProvParam!advapi32.dll” z „SupportedAPIs.xml”."
"Message",Normal,"          Element P/Invoke „CertVerifyTimeValidity” rozpoznano jako „CertVerifyTimeValidity!crypt32.dll” z „SupportedAPIs.xml”."
"Message",Normal,"          Element P/Invoke „BCryptDestroyKey” rozpoznano jako „BCryptDestroyKey!BCrypt.dll” z „SupportedAPIs.xml”."
"Message",Normal,"          Element P/Invoke „FormatMessageW” rozpoznano jako „FormatMessageW!kernel32.dll” z „SupportedAPIs.xml”."
"Message",Normal,"          Element P/Invoke „FormatMessageW” rozpoznano jako „FormatMessageW!kernel32.dll” z „SupportedAPIs.xml”."
"Message",Normal,"          Element P/Invoke „NCryptSetProperty” rozpoznano jako „NCryptSetProperty!ncrypt.dll” z „SupportedAPIs.xml”."
"Message",Normal,"          Element P/Invoke „CryptDecodeObject” rozpoznano jako „CryptDecodeObject!crypt32.dll” z „SupportedAPIs.xml”."
"Message",Normal,"          Element P/Invoke „CryptSetProvParam” rozpoznano jako „CryptSetProvParam!advapi32.dll” z „SupportedAPIs.xml”."
"Message",Normal,"          Element P/Invoke „CryptFindOIDInfo” rozpoznano jako „CryptFindOIDInfo!crypt32.dll” z „SupportedAPIs.xml”."
"Message",Normal,"          Element P/Invoke „CryptGenKey” rozpoznano jako „CryptGenKey!advapi32.dll” z „SupportedAPIs.xml”."
"Message",Normal,"          Element P/Invoke „FormatMessageW” rozpoznano jako „FormatMessageW!kernel32.dll” z „SupportedAPIs.xml”."
"Message",Normal,"          Element P/Invoke „BCryptCreateHash” rozpoznano jako „BCryptCreateHash!BCrypt.dll” z „SupportedAPIs.xml”."
"Message",Normal,"          Element P/Invoke „BCryptGetProperty” rozpoznano jako „BCryptGetProperty!BCrypt.dll” z „SupportedAPIs.xml”."
"Message",Normal,"          Element P/Invoke „BCryptOpenAlgorithmProvider” rozpoznano jako „BCryptOpenAlgorithmProvider!BCrypt.dll” z „SupportedAPIs.xml”."
"Message",Normal,"          Element P/Invoke „BCryptCloseAlgorithmProvider” rozpoznano jako „BCryptCloseAlgorithmProvider!BCrypt.dll” z „SupportedAPIs.xml”."
"Message",Normal,"          Element P/Invoke „BCryptDestroyHash” rozpoznano jako „BCryptDestroyHash!BCrypt.dll” z „SupportedAPIs.xml”."
"Message",Normal,"          Element P/Invoke „getsockname” rozpoznano jako „getsockname!ws2_32.dll” z „SupportedAPIs.xml”."
"Message",Normal,"          Element P/Invoke „getpeername” rozpoznano jako „getpeername!ws2_32.dll” z „SupportedAPIs.xml”."
"Message",Normal,"          Element P/Invoke „WSAStartup” rozpoznano jako „WSAStartup!ws2_32.dll” z „SupportedAPIs.xml”."
"Message",Normal,"          Element P/Invoke „select” rozpoznano jako „select!ws2_32.dll” z „SupportedAPIs.xml”."
"Message",Normal,"          Element P/Invoke „select” rozpoznano jako „select!ws2_32.dll” z „SupportedAPIs.xml”."
"Message",Normal,"          Element P/Invoke „ioctlsocket” rozpoznano jako „ioctlsocket!ws2_32.dll” z „SupportedAPIs.xml”."
"Message",Normal,"          Element P/Invoke „shutdown” rozpoznano jako „shutdown!ws2_32.dll” z „SupportedAPIs.xml”."
"Message",Normal,"          Element P/Invoke „setsockopt” rozpoznano jako „setsockopt!ws2_32.dll” z „SupportedAPIs.xml”."
"Message",Normal,"          Element P/Invoke „recv” rozpoznano jako „recv!ws2_32.dll” z „SupportedAPIs.xml”."
"Message",Normal,"          Element P/Invoke „WSAIoctl” rozpoznano jako „WSAIoctl!ws2_32.dll” z „SupportedAPIs.xml”."
"Message",Normal,"          Element P/Invoke „RevertToSelf” rozpoznano jako „RevertToSelf!advapi32.dll” z „SupportedAPIs.xml”."
"Message",Normal,"          Element P/Invoke „ImpersonateLoggedOnUser” rozpoznano jako „ImpersonateLoggedOnUser!advapi32.dll” z „SupportedAPIs.xml”."
"Message",Normal,"          Element P/Invoke „GetAddrInfoW” rozpoznano jako „GetAddrInfoW!ws2_32.dll” z „SupportedAPIs.xml”."
"Message",Normal,"          Element P/Invoke „WSASocketW” rozpoznano jako „WSASocketW!ws2_32.dll” z „SupportedAPIs.xml”."
"Message",Normal,"          Element P/Invoke „closesocket” rozpoznano jako „closesocket!ws2_32.dll” z „SupportedAPIs.xml”."
"Message",Normal,"          Element P/Invoke „WSASocketW” rozpoznano jako „WSASocketW!ws2_32.dll” z „SupportedAPIs.xml”."
"Message",Normal,"          Element P/Invoke „WSAConnect” rozpoznano jako „WSAConnect!ws2_32.dll” z „SupportedAPIs.xml”."
"Message",Normal,"          Element P/Invoke „listen” rozpoznano jako „listen!ws2_32.dll” z „SupportedAPIs.xml”."
"Message",Normal,"          Element P/Invoke „GetCurrentThread” rozpoznano jako „GetCurrentThread!kernel32.dll” z „SupportedAPIs.xml”."
"Message",Normal,"          Element P/Invoke „OpenThreadToken” rozpoznano jako „OpenThreadToken!advapi32.dll” z „SupportedAPIs.xml”."
"Message",Normal,"          Element P/Invoke „GetCurrentProcess” rozpoznano jako „GetCurrentProcess!kernel32.dll” z „SupportedAPIs.xml”."
"Message",Normal,"          Element P/Invoke „OpenProcessToken” rozpoznano jako „OpenProcessToken!advapi32.dll” z „SupportedAPIs.xml”."
"Message",Normal,"          Element P/Invoke „bind” rozpoznano jako „bind!ws2_32.dll” z „SupportedAPIs.xml”."
"Message",Normal,"          Element P/Invoke „getsockopt” rozpoznano jako „getsockopt!ws2_32.dll” z „SupportedAPIs.xml”."
"Message",Normal,"          Element P/Invoke „send” rozpoznano jako „send!ws2_32.dll” z „SupportedAPIs.xml”."
"Message",Normal,"          Element P/Invoke „CloseHandle” rozpoznano jako „CloseHandle!kernel32.dll” z „SupportedAPIs.xml”."
"Message",Normal,"          Element P/Invoke „freeaddrinfo” rozpoznano jako „freeaddrinfo!ws2_32.dll” z „SupportedAPIs.xml”."
"Message",Normal,"          Element P/Invoke „FreeAddrInfoExW” rozpoznano jako „FreeAddrInfoExW!ws2_32.dll” z „SupportedAPIs.xml”."
"Message",Normal,"          Element P/Invoke „WSASocketW” rozpoznano jako „WSASocketW!ws2_32.dll” z „SupportedAPIs.xml”."
"Message",Normal,"          Element P/Invoke „closesocket” rozpoznano jako „closesocket!ws2_32.dll” z „SupportedAPIs.xml”."
"Message",Normal,"          Element P/Invoke „gethostname” rozpoznano jako „gethostname!ws2_32.dll” z „SupportedAPIs.xml”."
"Message",Normal,"          Element P/Invoke „getsockopt” rozpoznano jako „getsockopt!ws2_32.dll” z „SupportedAPIs.xml”."
"Message",Normal,"          Element P/Invoke „getsockopt” rozpoznano jako „getsockopt!ws2_32.dll” z „SupportedAPIs.xml”."
"Message",Normal,"          Element P/Invoke „getsockopt” rozpoznano jako „getsockopt!ws2_32.dll” z „SupportedAPIs.xml”."
"Message",Normal,"          Element P/Invoke „ioctlsocket” rozpoznano jako „ioctlsocket!ws2_32.dll” z „SupportedAPIs.xml”."
"Message",Normal,"          Element P/Invoke „setsockopt” rozpoznano jako „setsockopt!ws2_32.dll” z „SupportedAPIs.xml”."
"Message",Normal,"          Element P/Invoke „LsaGetLogonSessionData” rozpoznano jako „LsaGetLogonSessionData!sspicli.dll” z „SupportedAPIs.xml”."
"Message",Normal,"          Element P/Invoke „LsaNtStatusToWinError” rozpoznano jako „LsaNtStatusToWinError!advapi32.dll” z „SupportedAPIs.xml”."
"Message",Normal,"          Element P/Invoke „DuplicateTokenEx” rozpoznano jako „DuplicateTokenEx!advapi32.dll” z „SupportedAPIs.xml”."
"Message",Normal,"          Element P/Invoke „CheckTokenMembershipEx” rozpoznano jako „CheckTokenMembershipEx!kernel32.dll” z „SupportedAPIs.xml”."
"Message",Normal,"          Element P/Invoke „LsaFreeReturnBuffer” rozpoznano jako „LsaFreeReturnBuffer!sspicli.dll” z „SupportedAPIs.xml”."
"Message",Normal,"          Element P/Invoke „accept” rozpoznano jako „accept!ws2_32.dll” z „SupportedAPIs.xml”."
"Message",Normal,"          Element P/Invoke „GetAddrInfoExW” rozpoznano jako „GetAddrInfoExW!ws2_32.dll” z „SupportedAPIs.xml”."
"Message",Normal,"          Element P/Invoke „WSARecv” rozpoznano jako „WSARecv!ws2_32.dll” z „SupportedAPIs.xml”."
"Message",Normal,"          Element P/Invoke „WSASend” rozpoznano jako „WSASend!ws2_32.dll” z „SupportedAPIs.xml”."
"Message",Normal,"          Element P/Invoke „GetTokenInformation” rozpoznano jako „GetTokenInformation!advapi32.dll” z „SupportedAPIs.xml”."
"Message",Normal,"          Element P/Invoke „LocalAlloc” rozpoznano jako „LocalAlloc!kernel32.dll” z „SupportedAPIs.xml”."
"Message",Normal,"          Element P/Invoke „LocalFree” rozpoznano jako „LocalFree!kernel32.dll” z „SupportedAPIs.xml”."
"Message",Normal,"          Element P/Invoke „GetNameInfoW” rozpoznano jako „GetNameInfoW!ws2_32.dll” z „SupportedAPIs.xml”."
"Message",Normal,"          Element P/Invoke „GetTokenInformation” rozpoznano jako „GetTokenInformation!advapi32.dll” z „SupportedAPIs.xml”."
"Message",Normal,"          Element P/Invoke „DuplicateHandle” rozpoznano jako „DuplicateHandle!kernel32.dll” z „SupportedAPIs.xml”."
"Message",Normal,"          Element P/Invoke „CertVerifyCertificateChainPolicy” rozpoznano jako „CertVerifyCertificateChainPolicy!crypt32.dll” z „SupportedAPIs.xml”."
"Message",Normal,"          Element P/Invoke „LsaLookupSids” rozpoznano jako „LsaLookupSids!advapi32.dll” z „SupportedAPIs.xml”."
"Message",Normal,"          Element P/Invoke „LsaLookupNames2” rozpoznano jako „LsaLookupNames2!advapi32.dll” z „SupportedAPIs.xml”."
"Message",Normal,"          Element P/Invoke „CertEnumCertificatesInStore” rozpoznano jako „CertEnumCertificatesInStore!crypt32.dll” z „SupportedAPIs.xml”."
"Message",Normal,"          Element P/Invoke „SetFileCompletionNotificationModes” rozpoznano jako „SetFileCompletionNotificationModes!kernel32.dll” z „SupportedAPIs.xml”."
"Message",Normal,"          Element P/Invoke „LsaOpenPolicy” rozpoznano jako „LsaOpenPolicy!advapi32.dll” z „SupportedAPIs.xml”."
"Message",Normal,"          Element P/Invoke „LsaClose” rozpoznano jako „LsaClose!advapi32.dll” z „SupportedAPIs.xml”."
"Message",Normal,"          Element P/Invoke „LsaFreeMemory” rozpoznano jako „LsaFreeMemory!advapi32.dll” z „SupportedAPIs.xml”."
"Message",Normal,"          Element P/Invoke „CertFreeCertificateContext” rozpoznano jako „CertFreeCertificateContext!crypt32.dll” z „SupportedAPIs.xml”."
"Message",Normal,"          Element P/Invoke „EncryptMessage” rozpoznano jako „EncryptMessage!sspicli.dll” z „SupportedAPIs.xml”."
"Message",Normal,"          Element P/Invoke „DecryptMessage” rozpoznano jako „DecryptMessage!sspicli.dll” z „SupportedAPIs.xml”."
"Message",Normal,"          Element P/Invoke „EnumerateSecurityPackagesW” rozpoznano jako „EnumerateSecurityPackagesW!sspicli.dll” z „SupportedAPIs.xml”."
"Message",Normal,"          Element P/Invoke „QueryContextAttributesW” rozpoznano jako „QueryContextAttributesW!sspicli.dll” z „SupportedAPIs.xml”."
"Message",Normal,"          Element P/Invoke „ApplyControlToken” rozpoznano jako „ApplyControlToken!sspicli.dll” z „SupportedAPIs.xml”."
"Message",Normal,"          Element P/Invoke „FreeContextBuffer” rozpoznano jako „FreeContextBuffer!sspicli.dll” z „SupportedAPIs.xml”."
"Message",Normal,"          Element P/Invoke „AcceptSecurityContext” rozpoznano jako „AcceptSecurityContext!sspicli.dll” z „SupportedAPIs.xml”."
"Message",Normal,"          Element P/Invoke „DeleteSecurityContext” rozpoznano jako „DeleteSecurityContext!sspicli.dll” z „SupportedAPIs.xml”."
"Message",Normal,"          Element P/Invoke „InitializeSecurityContextW” rozpoznano jako „InitializeSecurityContextW!sspicli.dll” z „SupportedAPIs.xml”."
"Message",Normal,"          Element P/Invoke „AcquireCredentialsHandleW” rozpoznano jako „AcquireCredentialsHandleW!sspicli.dll” z „SupportedAPIs.xml”."
"Message",Normal,"          Element P/Invoke „FreeCredentialsHandle” rozpoznano jako „FreeCredentialsHandle!sspicli.dll” z „SupportedAPIs.xml”."
"Message",High,"  Trwa generowanie kodu..."
"Message",High,"  Wygenerowano kod międzyoperacyjny."
"Message",Normal,"  Zapisano kod w lokalizacji AssemblyInfo.g.cs"
"Message",Normal,"  Zapisano kod w lokalizacji Adapters.g.cs"
"Message",Normal,"  Zapisano kod w lokalizacji Data.g.cs"
"Message",Normal,"  Zapisano kod w lokalizacji Helpers.g.cs"
"Message",Normal,"  Zapisano kod w lokalizacji ImplTypes.g.cs"
"Message",Normal,"  Zapisano kod w lokalizacji PInvoke.g.cs"
"Message",Normal,"  Zapisano kod w lokalizacji SafeTypes.g.cs"
"Message",Normal,"  Zapisano kod w lokalizacji SharedStubs.g.cs"
"Message",Normal,"Uruchamianie przekształcenia „GenerateCodeAndCompile”, wielkość sterty 293 MB."
"Message",High,"Kompilowanie kodu międzyoperacyjnego"
"Message",Normal,"Kompilacja wygenerowała kod źródłowy: C:\Program Files (x86)\Microsoft SDKs\UWPNuGetPackages\microsoft.net.native.compiler\2.2.7-rel-27913-00\tools\csc\csc.exe /noconfig @""C:\Users\marci\source\repos\RPi_ParkingHelper\RPi_ParkingHelper\obj\ARM\Release\ilc\intermediate\RPi_ParkingHelper.McgInterop.rsp"""
"Message",High,"Generowanie kodu serwera proxy System.Reflection.DispatchProxy."
"Message",Normal,"Uruchamianie przekształcenia „ReducedCopyInitialize”, wielkość sterty 294 MB."
"Message",Normal,"Uruchamianie przekształcenia „ReducedCopyEmptyTypes”, wielkość sterty 315 MB."
"Message",Normal,"Uruchamianie przekształcenia „ReducedCopyPopulateTypes”, wielkość sterty 320 MB."
"Message",Normal,"Uruchamianie przekształcenia „ReducedCopyLateMetadata”, wielkość sterty 349 MB."
"Message",Normal,"Uruchamianie przekształcenia „ReducedCopyPassResourcesToMutableAssembly”, wielkość sterty 373 MB."
"Message",Normal,"Uruchamianie przekształcenia „ReducedCopyMethodBodies”, wielkość sterty 375 MB."
"Message",Normal,"Uruchamianie przekształcenia „ReducedCopyComplete”, wielkość sterty 324 MB."
"Message",Normal,"Uruchamianie przekształcenia „ReducedCopyCleanup”, wielkość sterty 370 MB."
"Message",Normal,"Uruchamianie przekształcenia „DeveloperExperienceModeOnlyCodeRemover”, wielkość sterty 90 MB."
"Message",Normal,"Uruchamianie przekształcenia „ComImportDetector”, wielkość sterty 90 MB."
"Message",Normal,"Uruchamianie przekształcenia „McgAccessor”, wielkość sterty 90 MB."
"Message",Normal,"Uruchamianie przekształcenia „McgRedirect”, wielkość sterty 91 MB."
"Message",Normal,"Uruchamianie przekształcenia „McgRedirect”, wielkość sterty 95 MB."
"Message",Normal,"Uruchamianie przekształcenia „McgTypeOf”, wielkość sterty 96 MB."
"Message",Normal,"Uruchamianie przekształcenia „EventSource”, wielkość sterty 105 MB."
"Message",Normal,"Uruchamianie przekształcenia „ValueType”, wielkość sterty 105 MB."
"Message",Normal,"Uruchamianie przekształcenia „Attribute”, wielkość sterty 106 MB."
"Message",Normal,"Uruchamianie przekształcenia „GetType”, wielkość sterty 106 MB."
"Message",Normal,"Uruchamianie przekształcenia „McgFixups”, wielkość sterty 107 MB."
"Message",Normal,"Uruchamianie przekształcenia „ResourceManagerCtor”, wielkość sterty 108 MB."
"Message",Normal,"Uruchamianie przekształcenia „TypeofTypeHandle”, wielkość sterty 108 MB."
"Message",Normal,"Uruchamianie przekształcenia „DispatchProxyIntrinsics”, wielkość sterty 114 MB."
"Message",Normal,"Uruchamianie przekształcenia „StaticInitData”, wielkość sterty 115 MB."
"Message",Normal,"Uruchamianie przekształcenia „Delegate”, wielkość sterty 127 MB."
"Message",Normal,"Uruchamianie przekształcenia „LazyGenerics”, wielkość sterty 128 MB."
"Message",Normal,"Uruchamianie przekształcenia „AddReflectionBlockedAttributes”, wielkość sterty 153 MB."
"Message",Normal,"Uruchamianie przekształcenia „DisableOptimization”, wielkość sterty 153 MB."
"Message",Normal,"Uruchamianie przekształcenia „ResourceExtractor”, wielkość sterty 153 MB."
"Message",Normal,"Uruchamianie przekształcenia „CreateMetadata”, wielkość sterty 154 MB."
"Message",Normal,"Uruchamianie przekształcenia „StartupCodeInjector”, wielkość sterty 192 MB."
"Message",Normal,"Uruchamianie przekształcenia „SaveRVAStatics”, wielkość sterty 192 MB."
"Message",Normal,"Uruchamianie przekształcenia „ReflectionInvoke”, wielkość sterty 194 MB."
"Message",Normal,"Uruchamianie przekształcenia „ScrubOpenCalls”, wielkość sterty 196 MB."
"Message",Normal,"Uruchamianie przekształcenia „ConvertCatchIntoFilter”, wielkość sterty 196 MB."
"Message",Normal,"Uruchamianie przekształcenia „ReflectionMappingInfoEmit”, wielkość sterty 196 MB."
"Message",Normal,"Uruchamianie przekształcenia „ReflectionIntrinsics”, wielkość sterty 199 MB."
"Message",Normal,"Uruchamianie przekształcenia „ConvertManagedWinMD”, wielkość sterty 199 MB."
"Message",Normal,"Uruchamianie przekształcenia „DebuggerGuidedStepThroughJmc”, wielkość sterty 199 MB."
"Message",Normal,"Uruchamianie przekształcenia „Reducer”, wielkość sterty 203 MB."
"Message",High,"Czyszczenie kodu bez odwołań"
"Message",Normal,"Uruchamianie przekształcenia „WriteAssemblies”, wielkość sterty 247 MB."
"Message",Normal,""
"Message",Normal,"Podsumowanie przekształcenia"
"Message",Normal,"    ms | przyrost sterty | nazwa"
"Message",Normal," 16375 |        168 | Analysis"
"Message",Normal,"  3806 |       -119 | WriteAssemblies"
"Message",Normal,"  3241 |         34 | Mcg"
"Message",Normal,"  2655 |          1 | GenerateCodeAndCompile"
"Message",Normal,"  1864 |         44 | Reducer"
"Message",Normal,"   480 |        -51 | ReducedCopyMethodBodies"
"Message",Normal,"   437 |         46 | ReducedCopyComplete"
"Message",Normal,"   352 |         38 | CreateMetadata"
"Message",Normal,"   279 |         21 | ReducedCopyInitialize"
"Message",Normal,"   271 |          1 | ResourceExtractor"
"Message",Normal,"   248 |         29 | ReducedCopyPopulateTypes"
"Message",Normal,"   188 |         24 | ReducedCopyLateMetadata"
"Message",Normal,"   174 |       -280 | ReducedCopyCleanup"
"Message",Normal,"   136 |         25 | LazyGenerics"
"Message",Normal,"   130 |         14 | DumpNativeResources"
"Message",Normal,"   119 |          4 | McgRedirect"
"Message",Normal,"   118 |          9 | McgTypeOf"
"Message",Normal,"    75 |          1 | McgRedirect"
"Message",Normal,"    64 |         12 | StaticInitData"
"Message",Normal,"    64 |          6 | TypeofTypeHandle"
"Message",Normal,"    45 |          2 | SaveRVAStatics"
"Message",Normal,"    24 |          1 | GetType"
"Message",Normal,"    20 |          5 | ReducedCopyEmptyTypes"
"Message",Normal,"    17 |          4 | DebuggerGuidedStepThroughJmc"
"Message",Normal,"    15 |          0 | ReflectionIntrinsics"
"Message",Normal,"    15 |          1 | DispatchProxyIntrinsics"
"Message",Normal,"    12 |          0 | ScrubOpenCalls"
"Message",Normal,"     9 |          1 | McgFixups"
"Message",Normal,"     8 |          3 | ReflectionMappingInfoEmit"
"Message",Normal,"     7 |          1 | McgAccessor"
"Message",Normal,"     7 |          0 | ConvertCatchIntoFilter"
"Message",Normal,"     6 |          2 | ReflectionInvoke"
"Message",Normal,"     5 |          1 | Delegate"
"Message",Normal,"     3 |          2 | ReducedCopyPassResourcesToMutableAssembly"
"Message",Normal,"     3 |          0 | EventSource"
"Message",Normal,"     3 |          0 | Attribute"
"Message",Normal,"     2 |          1 | ValueType"
"Message",Normal,"     2 |          0 | AddReflectionBlockedAttributes"
"Message",Normal,"     1 |          0 | ResourceManagerCtor"
"Message",Normal,"     0 |          0 | DeveloperExperienceModeOnlyCodeRemover"
"Message",Normal,"     0 |          0 | DisableOptimization"
"Message",Normal,"     0 |          0 | ComImportDetector"
"Message",Normal,"     0 |          0 | StartupCodeInjector"
"Message",Normal,"     0 |          0 | ConvertManagedWinMD"
"Message",Low,"Zakończono wykonywanie zadania „RunILTransforms”."
"Message",Low,"Zakończono kompilowanie celu „RunILTransforms” w pliku „ILTransforms”."
"Message",Low,"Zakończono kompilowanie projektu „ILTransforms”."
"Message",Low,""
"Message",Low,""
"Message",Low,"Zakończono kompilowanie celu „GenerateMDIL” w pliku „Nutc”."
"Message",Low,""
"Message",High,"Generowanie kodu natywnego"
"Message",Low,"Zakończono kompilowanie celu „MDILPrepareMultiFile” w pliku „Nutc”."
"Message",Low,""
"Message",Low,"Zakończono kompilowanie celu „SetBinaryForReferences” w pliku „Nutc”."
"Message",Low,""
"Message",Low,"Zadanie „GenerateMDILGlobalAnalysis”"
"Message",Normal,"Uruchamianie elementu „C:\Program Files (x86)\Microsoft SDKs\UWPNuGetPackages\runtime.win10-arm.microsoft.net.native.compiler\2.2.7-rel-27913-00\tools\ARM\ilc\Tools\nutc_driver.exe @""C:\Users\marci\source\repos\RPi_ParkingHelper\RPi_ParkingHelper\obj\ARM\Release\ilc\intermediate\MDIL\RPi_ParkingHelper.rsp""”"
"Message",Low,"Microsoft (R) MDIL Compiler - Version 2.2.27913.00"
"Message",Low,"Copyright (c) Microsoft Corporation.  All rights reserved."
"Message",Low,"Skanowanie typów wejściowych"
"Message",Low,"Skanowanie metod: 11600."
"Message",Low,"Skanowanie metod: 7796."
"Message",Low,"Skanowanie metod: 5037."
"Message",Low,"Skanowanie metod: 3960."
"Message",Low,"Skanowanie metod: 2763."
"Message",Low,"Skanowanie metod: 1886."
"Message",Low,"Skanowanie metod: 1565."
"Message",Low,"Skanowanie metod: 1352."
"Message",Low,"Skanowanie metod: 1139."
"Message",Low,"Skanowanie metod: 670."
"Message",Low,"Skanowanie metod: 584."
"Message",Low,"Skanowanie metod: 504."
"Message",Low,"Skanowanie metod: 320."
"Message",Low,"Skanowanie metod: 341."
"Message",Low,"Skanowanie metod: 265."
"Message",Low,"Skanowanie metod: 122."
"Message",Low,"Skanowanie metod: 41."
"Message",Low,"Skanowanie metod: 21."
"Message",Low,"Skanowanie metod: 14."
"Message",Low,"Skanowanie metod: 6."
"Message",Low,"Wczesne generowanie kodu"
"Message",Low,"Kompilowanie metod: 39986."
"Message",Low,"Odłożone generowanie kodu"
"Message",Low,"Kompilowanie metod: 19."
"Message",Low,"Kompilowanie metod: 1."
"Message",Low,"Wywołanie metody zarządzanej Initialize powiodło się; kod zakończenia: 0podczas generowania listy CTL.Statystyka metadanych śledzenia stosu"
"Message",Low,"Liczba wyemitowanych metod:   21293"
"Message",Low,"Rozmiar obiektu blob metadanych:          423080"
"Message",Low,"Element RVA metody — rozmiar mapy tokenu: 170344"
"Message",Low,"Całkowity rozmiar natywny:           593424"
"Message",Low,"„C:\Users\marci\source\repos\RPi_ParkingHelper\RPi_ParkingHelper\obj\ARM\Release\ilc\intermediate\MDIL\RPi_ParkingHelper.mdilexe” — generowanie zakończone pomyślnie"
"Message",Low,"„C:\Users\marci\source\repos\RPi_ParkingHelper\RPi_ParkingHelper\obj\ARM\Release\ilc\intermediate\MDIL\RPi_ParkingHelper.mdilpdb” — generowanie zakończone pomyślnie"
"Message",Low,"Skompilowano do kodu MDIL."
"Message",Normal,"Element „C:\Program Files (x86)\Microsoft SDKs\UWPNuGetPackages\runtime.win10-arm.microsoft.net.native.compiler\2.2.7-rel-27913-00\tools\ARM\ilc\Tools\nutc_driver.exe @""C:\Users\marci\source\repos\RPi_ParkingHelper\RPi_ParkingHelper\obj\ARM\Release\ilc\intermediate\MDIL\RPi_ParkingHelper.rsp""” został zakończony."
"Message",Normal,"Statystyki wykonania procesu (wszystkie czasy w milisekundach)"
"Message",Normal,"-----------------------------------------------------------------------------"
"Message",Normal,"uruchom.| start  |  stop  |koniec |czas trwania|okres istn.|nazwa [szczelina]"
"Message",Normal,"-----------------------------------------------------------------------------"
"Message",Normal,"       0 |        0 |    37282 |    37282 |    37282 |    37282 | [0] Nutc GlobalAnalysis"
"Message",Normal,"Liczba poleceń:   1"
"Message",Normal,"Łączny czas systemowy:     37282 ms"
"Message",Normal,"Czas systemowy na polecenie: 37282 ms"
"Message",Normal,"Łączny czas trwania:     37282 ms"
"Message",Normal,"Łączny okres istnienia:     37282 ms"
"Message",Normal,"Żądany stopień równoległości:      4"
"Message",Normal,"Stopień równoległości czasu trwania:      1,0"
"Message",Normal,"Stopień równoległości okresu istnienia:      1,0"
"Message",Low,"Zakończono wykonywanie zadania „GenerateMDILGlobalAnalysis”."
"Message",Low,"Zakończono kompilowanie celu „GenerateMDILGlobalAnalysis” w pliku „Nutc”."
"Message",Low,""
"Message",Low,"Zadanie „rc”"
"Message",Normal,"Uruchamianie elementu „C:\Program Files (x86)\Windows Kits\10\bin\10.0.18362.0\x64\rc.exe /c ""65001"" /r /fo ""C:\Users\marci\source\repos\RPi_ParkingHelper\RPi_ParkingHelper\obj\ARM\Release\ilc\intermediate\BuildInfo\BuildInfo.res"" ""C:\Users\marci\source\repos\RPi_ParkingHelper\RPi_ParkingHelper\obj\ARM\Release\ilc\intermediate\BuildInfo\BuildInfo.rc""”"
"Message",Low,"Microsoft (R) Windows (R) Resource Compiler Version 10.0.10011.16384"
"Message",Low,"Copyright (C) Microsoft Corporation.  All rights reserved."
"Message",Normal,"Element „C:\Program Files (x86)\Windows Kits\10\bin\10.0.18362.0\x64\rc.exe /c ""65001"" /r /fo ""C:\Users\marci\source\repos\RPi_ParkingHelper\RPi_ParkingHelper\obj\ARM\Release\ilc\intermediate\BuildInfo\BuildInfo.res"" ""C:\Users\marci\source\repos\RPi_ParkingHelper\RPi_ParkingHelper\obj\ARM\Release\ilc\intermediate\BuildInfo\BuildInfo.rc""” został zakończony."
"Message",Normal,"Statystyki wykonania procesu (wszystkie czasy w milisekundach)"
"Message",Normal,"-----------------------------------------------------------------------------"
"Message",Normal,"uruchom.| start  |  stop  |koniec |czas trwania|okres istn.|nazwa [szczelina]"
"Message",Normal,"-----------------------------------------------------------------------------"
"Message",Normal,"       0 |       15 |       47 |       47 |       32 |       47 | [0] rc"
"Message",Normal,"Liczba poleceń:   1"
"Message",Normal,"Łączny czas systemowy:     47 ms"
"Message",Normal,"Czas systemowy na polecenie: 47 ms"
"Message",Normal,"Łączny czas trwania:     32 ms"
"Message",Normal,"Łączny okres istnienia:     47 ms"
"Message",Normal,"Żądany stopień równoległości:      4"
"Message",Normal,"Stopień równoległości czasu trwania:      0,7"
"Message",Normal,"Stopień równoległości okresu istnienia:      1,0"
"Message",Low,"Zakończono wykonywanie zadania „rc”."
"Message",Low,"Zadanie „ResourceBinaryConcatenate”"
"Message",Normal,"Włączenie do elementu „C:\Users\marci\source\repos\RPi_ParkingHelper\RPi_ParkingHelper\obj\ARM\Release\ilc\intermediate\Native.res” z wyrównaniem „4”."
"Message",Normal," Dodano element „C:\Users\marci\source\repos\RPi_ParkingHelper\RPi_ParkingHelper\obj\ARM\Release\ilc\intermediate\ILTransformed\RPi_ParkingHelper.res” z przesunięciem „0”."
"Message",Normal," Dodano element „C:\Users\marci\source\repos\RPi_ParkingHelper\RPi_ParkingHelper\obj\ARM\Release\ilc\intermediate\BuildInfo\BuildInfo.res” z przesunięciem „1448”."
"Message",Low,"Zakończono wykonywanie zadania „ResourceBinaryConcatenate”."
"Message",Low,"Zakończono kompilowanie celu „GenerateBuildInfo” w pliku „Nutc”."
"Message",Low,"Zakończono kompilowanie projektu „Nutc”."
"Message",Low,""
"Message",Low,""
"Message",Low,"Zakończono kompilowanie celu „MDILBindPrepare” w pliku „Binder”."
"Message",Low,""
"Message",High,"Generowanie napraw dla kodu natywnego"
"Message",Low,"Zadanie „MDILBind”"
"Message",Normal,"Uruchamianie elementu „C:\Program Files (x86)\Microsoft SDKs\UWPNuGetPackages\runtime.win10-arm.microsoft.net.native.compiler\2.2.7-rel-27913-00\tools\ARM\ilc\Tools\rhbind.exe @""C:\Users\marci\source\repos\RPi_ParkingHelper\RPi_ParkingHelper\obj\ARM\Release\ilc\intermediate\rhbindargs.RPi_ParkingHelper.rsp""”"
"Message",Low,"WERSJA SYSTEMU OPERACYJNEGO: główna: 6  pomocnicza: 2"
"Message",Low,"MDIL: C:\Users\marci\source\repos\RPi_ParkingHelper\RPi_ParkingHelper\obj\ARM\Release\ilc\intermediate\MDIL\RPi_ParkingHelper.mdilexe"
"Message",Low,"MDILPDB: C:\Users\marci\source\repos\RPi_ParkingHelper\RPi_ParkingHelper\obj\ARM\Release\ilc\intermediate\MDIL\RPi_ParkingHelper.mdilpdb"
"Message",Low,"IL: C:\Users\marci\source\repos\RPi_ParkingHelper\RPi_ParkingHelper\obj\ARM\Release\ilc\intermediate\MDIL\RPi_ParkingHelper.ilexe"
"Message",Low,"NI: C:\Users\marci\source\repos\RPi_ParkingHelper\RPi_ParkingHelper\obj\ARM\Release\ilc\intermediate\Native\RPi_ParkingHelper.dll"
"Message",Low,"SHIM: C:\Users\marci\source\repos\RPi_ParkingHelper\RPi_ParkingHelper\obj\ARM\Release\ilc\intermediate\Native\RPi_ParkingHelper.exe"
"Message",Low,"REDHAWK_RUNTIME_DLL_NAME_A=mrt100_app.dll"
"Message",Low,"Plik pdb: C:\Users\marci\source\repos\RPi_ParkingHelper\RPi_ParkingHelper\obj\ARM\Release\ilc\intermediate\Native\RPi_ParkingHelper.pdb"
"Message",Low,"Utworzono C:\Users\marci\source\repos\RPi_ParkingHelper\RPi_ParkingHelper\obj\ARM\Release\ilc\intermediate\Native\RPi_ParkingHelper.dll w czasie 2.874 s"
"Message",Normal,"Element „C:\Program Files (x86)\Microsoft SDKs\UWPNuGetPackages\runtime.win10-arm.microsoft.net.native.compiler\2.2.7-rel-27913-00\tools\ARM\ilc\Tools\rhbind.exe @""C:\Users\marci\source\repos\RPi_ParkingHelper\RPi_ParkingHelper\obj\ARM\Release\ilc\intermediate\rhbindargs.RPi_ParkingHelper.rsp""” został zakończony."
"Message",Normal,"Statystyki wykonania procesu (wszystkie czasy w milisekundach)"
"Message",Normal,"-----------------------------------------------------------------------------"
"Message",Normal,"uruchom.| start  |  stop  |koniec |czas trwania|okres istn.|nazwa [szczelina]"
"Message",Normal,"-----------------------------------------------------------------------------"
"Message",Normal,"       0 |       15 |     2921 |     2921 |     2906 |     2921 | [0] rhbind RPi_ParkingHelper"
"Message",Normal,"Liczba poleceń:   1"
"Message",Normal,"Łączny czas systemowy:     2921 ms"
"Message",Normal,"Czas systemowy na polecenie: 2921 ms"
"Message",Normal,"Łączny czas trwania:     2906 ms"
"Message",Normal,"Łączny okres istnienia:     2921 ms"
"Message",Normal,"Żądany stopień równoległości:      4"
"Message",Normal,"Stopień równoległości czasu trwania:      1,0"
"Message",Normal,"Stopień równoległości okresu istnienia:      1,0"
"Message",Low,"Zakończono wykonywanie zadania „MDILBind”."
"Message",Low,"Zakończono kompilowanie celu „MDILBind” w pliku „Binder”."
"Message",Low,"Zakończono kompilowanie projektu „Binder”."
"Message",Low,""
"Message",Low,""
"Message",Low,"Zakończono kompilowanie celu „CopyNativeExecutablesToOutput” w pliku „Deployment”."
"Message",Low,""
"Message",Low,"Zadanie „TransformAppxManifest”"
"Message",Low,"Zakończono wykonywanie zadania „TransformAppxManifest”."
"Message",Low,"Zakończono kompilowanie celu „TransformAppxManifestAndAddCrt” w pliku „Deployment”."
"Message",Low,""
"Message",Low,"Zakończono kompilowanie celu „CopyPackageResourceFileInRetailBuild” w pliku „Deployment”."
"Message",Low,"Zakończono kompilowanie projektu „Deployment”."
"Message",Low,"Kompilacja została zakończona"
